식당 ID,상호명,음식이 맛있어요 (표),2위 항목,2위 득표수 (표),2위 대비 배율 (배),득표 격차 (표),네이버 지도 링크
1658802760,난바우동 연희점,41,양이 많아요,6,6.83,35,https://m.place.naver.com/restaurant/1658802760
11781843,도미노피자 연희점,184,친절해요,39,4.72,145,https://m.place.naver.com/restaurant/11781843
1553949264,원,53,친절해요,12,4.42,41,https://m.place.naver.com/restaurant/1553949264
18749384,풍성삼겹살,65,가성비가 좋아요,15,4.33,50,https://m.place.naver.com/restaurant/18749384
11555233,일화성,277,친절해요,65,4.26,212,https://m.place.naver.com/restaurant/11555233
12958754,지호한방삼계탕 연희점,278,친절해요,72,3.86,206,https://m.place.naver.com/restaurant/12958754
11727641,연희동칼국수 본점,2215,주차하기 편해요,589,3.76,1626,https://m.place.naver.com/restaurant/11727641
31375774,연희녹두삼계탕,320,양이 많아요,86,3.72,234,https://m.place.naver.com/restaurant/31375774
20917604,동보성,669,친절해요,181,3.7,488,https://m.place.naver.com/restaurant/20917604
18752158,연희김밥 본점,2249,재료가 신선해요,611,3.68,1638,https://m.place.naver.com/restaurant/18752158
19877438,이품,735,재료가 신선해요,201,3.66,534,https://m.place.naver.com/restaurant/19877438
11802402,교촌치킨 연희점,101,친절해요,28,3.61,73,https://m.place.naver.com/restaurant/11802402
1988636142,연남동주막,891,양이 많아요,259,3.44,632,https://m.place.naver.com/restaurant/1988636142
398689412,연남곱창타운,203,친절해요,59,3.44,144,https://m.place.naver.com/restaurant/398689412
272273213,스쿨푸드 딜리버리 연희점,203,특별한 메뉴가 있어요,60,3.38,143,https://m.place.naver.com/restaurant/272273213
353295035,잘들어,47,친절해요,14,3.36,33,https://m.place.naver.com/restaurant/353295035
18256689,연희동태찜,203,친절해요,61,3.33,142,https://m.place.naver.com/restaurant/18256689
1974895337,신화루,511,양이 많아요,154,3.32,357,https://m.place.naver.com/restaurant/1974895337
31306168,야키토리 지중,189,혼술하기 좋아요,57,3.32,132,https://m.place.naver.com/restaurant/31306168
13179873,한우명가,258,가성비가 좋아요,78,3.31,180,https://m.place.naver.com/restaurant/13179873
38239251,백년추어탕 연희본점,615,재료가 신선해요,188,3.27,427,https://m.place.naver.com/restaurant/38239251
1018882826,연희김밥 연희점,379,재료가 신선해요,116,3.27,263,https://m.place.naver.com/restaurant/1018882826
32875867,오향만두,452,특별한 메뉴가 있어요,141,3.21,311,https://m.place.naver.com/restaurant/32875867
31777479,맛이차이나,702,재료가 신선해요,222,3.16,480,https://m.place.naver.com/restaurant/31777479
38419431,선굼터 연희점,147,친절해요,47,3.13,100,https://m.place.naver.com/restaurant/38419431
35069411,홍대삭 연희동점,848,가성비가 좋아요,272,3.12,576,https://m.place.naver.com/restaurant/35069411
1678755994,당가원,429,양이 많아요,141,3.04,288,https://m.place.naver.com/restaurant/1678755994
13329483,월순철판동태찜,1056,양이 많아요,348,3.03,708,https://m.place.naver.com/restaurant/13329483
1882480351,서대문 양꼬치 BAR,144,특별한 메뉴가 있어요,48,3.0,96,https://m.place.naver.com/restaurant/1882480351
35288238,신안동장,265,가성비가 좋아요,89,2.98,176,https://m.place.naver.com/restaurant/35288238
1451301883,혼신꼬치 신촌점,1081,기본 안주가 좋아요,365,2.96,716,https://m.place.naver.com/restaurant/1451301883
34806924,천하의문타로,218,특별한 메뉴가 있어요,74,2.95,144,https://m.place.naver.com/restaurant/34806924
12985100,감나무집기사식당,2236,반찬이 잘 나와요,760,2.94,1476,https://m.place.naver.com/restaurant/12985100
1631558562,3호선차이나,387,재료가 신선해요,133,2.91,254,https://m.place.naver.com/restaurant/1631558562
1388565953,연희동 와쇼쿠,203,재료가 신선해요,70,2.9,133,https://m.place.naver.com/restaurant/1388565953
11555246,이화원,811,친절해요,282,2.88,529,https://m.place.naver.com/restaurant/11555246
18361327,이자카야무세이,718,대화하기 좋아요,250,2.87,468,https://m.place.naver.com/restaurant/18361327
35624223,복성각,573,친절해요,200,2.87,373,https://m.place.naver.com/restaurant/35624223
1993388905,종로계림닭도리탕원조 연남점,129,양이 많아요,45,2.87,84,https://m.place.naver.com/restaurant/1993388905
38462398,카시,208,특별한 메뉴가 있어요,73,2.85,135,https://m.place.naver.com/restaurant/38462398
31564609,키즈나 연남본점,876,인테리어가 멋져요,311,2.82,565,https://m.place.naver.com/restaurant/31564609
38010028,히메지 2호점,274,혼밥하기 좋아요,97,2.82,177,https://m.place.naver.com/restaurant/38010028
1931292312,열정타코 연남본점,1763,가성비가 좋아요,635,2.78,1128,https://m.place.naver.com/restaurant/1931292312
1094668291,맘스터치 연희동점,525,혼밥하기 좋아요,190,2.76,335,https://m.place.naver.com/restaurant/1094668291
11632310,송가네감자탕 연남본점,819,친절해요,298,2.75,521,https://m.place.naver.com/restaurant/11632310
37910087,호천식당,443,재료가 신선해요,161,2.75,282,https://m.place.naver.com/restaurant/37910087
1320658106,시실리 연남본점,253,친절해요,92,2.75,161,https://m.place.naver.com/restaurant/1320658106
13371744,가원 망원본점,944,친절해요,345,2.74,599,https://m.place.naver.com/restaurant/13371744
1713744188,랑랑,150,재료가 신선해요,55,2.73,95,https://m.place.naver.com/restaurant/1713744188
1346211149,아뜨뜨,843,특별한 메뉴가 있어요,310,2.72,533,https://m.place.naver.com/restaurant/1346211149
36943103,시카고피자 연희점,68,친절해요,25,2.72,43,https://m.place.naver.com/restaurant/36943103
11679474,수빈,757,재료가 신선해요,279,2.71,478,https://m.place.naver.com/restaurant/11679474
38641874,연희중식,336,재료가 신선해요,124,2.71,212,https://m.place.naver.com/restaurant/38641874
1712446689,백리향,282,친절해요,104,2.71,178,https://m.place.naver.com/restaurant/1712446689
1516634140,연희화로갈비,484,매장이 넓어요,180,2.69,304,https://m.place.naver.com/restaurant/1516634140
19831720,평택고여사집냉면,436,친절해요,162,2.69,274,https://m.place.naver.com/restaurant/19831720
37489475,청운,382,가성비가 좋아요,142,2.69,240,https://m.place.naver.com/restaurant/37489475
38466760,궁뜰메밀,86,친절해요,32,2.69,54,https://m.place.naver.com/restaurant/38466760
1349667493,벌떡장어,43,친절해요,16,2.69,27,https://m.place.naver.com/restaurant/1349667493
13101637,난향,638,단체모임 하기 좋아요,239,2.67,399,https://m.place.naver.com/restaurant/13101637
11623792,본죽&비빔밥cafe 연희점,526,재료가 신선해요,197,2.67,329,https://m.place.naver.com/restaurant/11623792
1675859519,금문중화요리,699,양이 많아요,263,2.66,436,https://m.place.naver.com/restaurant/1675859519
38570861,요코쵸,460,특별한 메뉴가 있어요,173,2.66,287,https://m.place.naver.com/restaurant/38570861
1897802202,소주방,667,술이 다양해요,252,2.65,415,https://m.place.naver.com/restaurant/1897802202
1803480676,명인갈비 연남점,583,매장이 넓어요,221,2.64,362,https://m.place.naver.com/restaurant/1803480676
18257350,WAY,132,친절해요,50,2.64,82,https://m.place.naver.com/restaurant/18257350
1187359393,청화원,1343,특별한 메뉴가 있어요,510,2.63,833,https://m.place.naver.com/restaurant/1187359393
1425934319,우규,1536,친절해요,586,2.62,950,https://m.place.naver.com/restaurant/1425934319
1329031772,시가,170,재료가 신선해요,65,2.62,105,https://m.place.naver.com/restaurant/1329031772
1781416539,타코비 연희점,832,재료가 신선해요,319,2.61,513,https://m.place.naver.com/restaurant/1781416539
1542231124,이츠모라멘,902,혼밥하기 좋아요,347,2.6,555,https://m.place.naver.com/restaurant/1542231124
37425777,바네스치킨&버거,95,가성비가 좋아요,37,2.57,58,https://m.place.naver.com/restaurant/37425777
11832249,조은집,628,가성비가 좋아요,246,2.55,382,https://m.place.naver.com/restaurant/11832249
1200799924,미미본관,355,특별한 메뉴가 있어요,139,2.55,216,https://m.place.naver.com/restaurant/1200799924
1416112014,원이자카야,303,친절해요,120,2.52,183,https://m.place.naver.com/restaurant/1416112014
1379440610,성호각,667,친절해요,266,2.51,401,https://m.place.naver.com/restaurant/1379440610
1588882724,연희동 라이라이 본점,405,특별한 메뉴가 있어요,162,2.5,243,https://m.place.naver.com/restaurant/1588882724
620146107,가화만사성,302,가성비가 좋아요,121,2.5,181,https://m.place.naver.com/restaurant/620146107
2049554617,얼음골사랑방,476,기본 안주가 좋아요,191,2.49,285,https://m.place.naver.com/restaurant/2049554617
1703927354,이억만껍데기,261,고기 질이 좋아요,105,2.49,156,https://m.place.naver.com/restaurant/1703927354
11555291,진보,219,친절해요,88,2.49,131,https://m.place.naver.com/restaurant/11555291
1239464884,완차이,268,특별한 메뉴가 있어요,108,2.48,160,https://m.place.naver.com/restaurant/1239464884
1712466624,포가,226,재료가 신선해요,92,2.46,134,https://m.place.naver.com/restaurant/1712466624
34349643,버거킹 연희점,1043,혼밥하기 좋아요,426,2.45,617,https://m.place.naver.com/restaurant/34349643
1513690097,파델라,726,특별한 메뉴가 있어요,296,2.45,430,https://m.place.naver.com/restaurant/1513690097
1644944559,박가네짬뽕,81,가성비가 좋아요,33,2.45,48,https://m.place.naver.com/restaurant/1644944559
1848350637,이자카야 연정,799,친절해요,327,2.44,472,https://m.place.naver.com/restaurant/1848350637
1251267977,상해소흘,222,특별한 메뉴가 있어요,91,2.44,131,https://m.place.naver.com/restaurant/1251267977
2069000955,로뎅가 연남점,298,친절해요,123,2.42,175,https://m.place.naver.com/restaurant/2069000955
36438335,평안루,29,친절해요,12,2.42,17,https://m.place.naver.com/restaurant/36438335
1849652804,랫댓,523,특별한 메뉴가 있어요,217,2.41,306,https://m.place.naver.com/restaurant/1849652804
34666411,사까야,99,대화하기 좋아요,41,2.41,58,https://m.place.naver.com/restaurant/34666411
36046893,밥스바비 연남점,194,친절해요,81,2.4,113,https://m.place.naver.com/restaurant/36046893
1469421083,데이스이,266,친절해요,112,2.38,154,https://m.place.naver.com/restaurant/1469421083
1331305271,카쿠시타,7640,특별한 메뉴가 있어요,3220,2.37,4420,https://m.place.naver.com/restaurant/1331305271
1064682887,무명요리사,270,친절해요,114,2.37,156,https://m.place.naver.com/restaurant/1064682887
35689421,단단,128,친절해요,54,2.37,74,https://m.place.naver.com/restaurant/35689421
37687821,시오 연희동본점,1886,특별한 메뉴가 있어요,798,2.36,1088,https://m.place.naver.com/restaurant/37687821
1447196594,수라면옥 연희점,192,친절해요,82,2.34,110,https://m.place.naver.com/restaurant/1447196594
2043240114,한사발포차 연남점,2536,기본 안주가 좋아요,1087,2.33,1449,https://m.place.naver.com/restaurant/2043240114
1483138951,안스키친 연남점,1838,재료가 신선해요,790,2.33,1048,https://m.place.naver.com/restaurant/1483138951
1433153629,이자카야 우규 신촌점,804,인테리어가 멋져요,345,2.33,459,https://m.place.naver.com/restaurant/1433153629
1823856581,담음,149,술이 다양해요,64,2.33,85,https://m.place.naver.com/restaurant/1823856581
1351299139,연남복돼지,123,친절해요,53,2.32,70,https://m.place.naver.com/restaurant/1351299139
1459564350,고래식당 연희점,377,친절해요,163,2.31,214,https://m.place.naver.com/restaurant/1459564350
1266638776,합정공감,2357,인테리어가 멋져요,1023,2.3,1334,https://m.place.naver.com/restaurant/1266638776
1068351637,담택,1074,특별한 메뉴가 있어요,466,2.3,608,https://m.place.naver.com/restaurant/1068351637
1750453967,쿠시모토,255,인테리어가 멋져요,111,2.3,144,https://m.place.naver.com/restaurant/1750453967
38693049,하스 연남점,241,친절해요,105,2.3,136,https://m.place.naver.com/restaurant/38693049
18752043,해남식당,46,가성비가 좋아요,20,2.3,26,https://m.place.naver.com/restaurant/18752043
1979799701,파파,23,혼밥하기 좋아요,10,2.3,13,https://m.place.naver.com/restaurant/1979799701
1842534630,노모어피자 연희점,78,재료가 신선해요,34,2.29,44,https://m.place.naver.com/restaurant/1842534630
1296202702,일체마부시,2966,재료가 신선해요,1302,2.28,1664,https://m.place.naver.com/restaurant/1296202702
36684022,차이몬스터,1412,친절해요,620,2.28,792,https://m.place.naver.com/restaurant/36684022
13160647,하카타나카,515,특별한 메뉴가 있어요,226,2.28,289,https://m.place.naver.com/restaurant/13160647
1075946117,네코네기,468,양이 많아요,205,2.28,263,https://m.place.naver.com/restaurant/1075946117
1064672453,웍스터 연남,396,친절해요,174,2.28,222,https://m.place.naver.com/restaurant/1064672453
1930859622,연교 2호점,226,특별한 메뉴가 있어요,99,2.28,127,https://m.place.naver.com/restaurant/1930859622
36523247,느루 연남점,6551,재료가 신선해요,2893,2.26,3658,https://m.place.naver.com/restaurant/36523247
1232097177,연남로지,819,재료가 신선해요,362,2.26,457,https://m.place.naver.com/restaurant/1232097177
2022917128,올데이우동 연남점,9066,인테리어가 멋져요,4037,2.25,5029,https://m.place.naver.com/restaurant/2022917128
11725959,청송함흥냉면전문점,402,친절해요,179,2.25,223,https://m.place.naver.com/restaurant/11725959
1116595220,야생마,1652,술이 다양해요,738,2.24,914,https://m.place.naver.com/restaurant/1116595220
1135648893,죠죠 연남점,2643,친절해요,1185,2.23,1458,https://m.place.naver.com/restaurant/1135648893
1080755226,잇웰 연희,751,인테리어가 멋져요,337,2.23,414,https://m.place.naver.com/restaurant/1080755226
1093122204,대륙포차,222,특별한 메뉴가 있어요,100,2.22,122,https://m.place.naver.com/restaurant/1093122204
1081924583,연희동수제비,80,친절해요,36,2.22,44,https://m.place.naver.com/restaurant/1081924583
86471200,쿠시노주방,2113,인테리어가 멋져요,955,2.21,1158,https://m.place.naver.com/restaurant/86471200
1305041689,유메오뎅 홍대,1743,술이 다양해요,787,2.21,956,https://m.place.naver.com/restaurant/1305041689
2056394549,엉클조소시지 연남점,1072,인테리어가 멋져요,485,2.21,587,https://m.place.naver.com/restaurant/2056394549
2091348120,kkachibal,327,인테리어가 멋져요,148,2.21,179,https://m.place.naver.com/restaurant/2091348120
31396655,왕소금구이,53,고기 질이 좋아요,24,2.21,29,https://m.place.naver.com/restaurant/31396655
1810051671,월량관,1249,특별한 메뉴가 있어요,567,2.2,682,https://m.place.naver.com/restaurant/1810051671
1229825670,연남토마 본점,3165,친절해요,1448,2.19,1717,https://m.place.naver.com/restaurant/1229825670
1613221562,테라다식당 연남점,522,가성비가 좋아요,238,2.19,284,https://m.place.naver.com/restaurant/1613221562
750761196,장작집 연남본점,504,특별한 메뉴가 있어요,230,2.19,274,https://m.place.naver.com/restaurant/750761196
1902737844,진미,468,친절해요,215,2.18,253,https://m.place.naver.com/restaurant/1902737844
1044495047,야키토리 우노,410,인테리어가 멋져요,188,2.18,222,https://m.place.naver.com/restaurant/1044495047
1742698212,오이소 연남본점,347,친절해요,159,2.18,188,https://m.place.naver.com/restaurant/1742698212
1314052927,초가집삼겹살좋아,83,가성비가 좋아요,38,2.18,45,https://m.place.naver.com/restaurant/1314052927
2073184893,담소리 연남점,2801,인테리어가 멋져요,1292,2.17,1509,https://m.place.naver.com/restaurant/2073184893
2003631471,오몬자 연남점,1958,특별한 메뉴가 있어요,901,2.17,1057,https://m.place.naver.com/restaurant/2003631471
1440248977,만두란,754,특별한 메뉴가 있어요,347,2.17,407,https://m.place.naver.com/restaurant/1440248977
1165545050,모모,495,인테리어가 멋져요,228,2.17,267,https://m.place.naver.com/restaurant/1165545050
1025129640,동일,494,인테리어가 멋져요,228,2.17,266,https://m.place.naver.com/restaurant/1025129640
1935029744,항저우샤오롱바오,195,특별한 메뉴가 있어요,90,2.17,105,https://m.place.naver.com/restaurant/1935029744
1097766563,백암왕순대,878,재료가 신선해요,407,2.16,471,https://m.place.naver.com/restaurant/1097766563
1737753721,스필아웃,580,친절해요,268,2.16,312,https://m.place.naver.com/restaurant/1737753721
31212815,동꾼,483,특별한 메뉴가 있어요,224,2.16,259,https://m.place.naver.com/restaurant/31212815
1485118707,초이다이닝,9731,특별한 메뉴가 있어요,4517,2.15,5214,https://m.place.naver.com/restaurant/1485118707
2062107099,오차야 연남점,1317,재료가 신선해요,613,2.15,704,https://m.place.naver.com/restaurant/2062107099
1287085178,마우디,833,친절해요,388,2.15,445,https://m.place.naver.com/restaurant/1287085178
1668003266,연하동 연남본점,12352,재료가 신선해요,5779,2.14,6573,https://m.place.naver.com/restaurant/1668003266
1465790494,연희옥 연희점,3708,양이 많아요,1735,2.14,1973,https://m.place.naver.com/restaurant/1465790494
30815324,코노미,2291,가성비가 좋아요,1070,2.14,1221,https://m.place.naver.com/restaurant/30815324
822860469,명랑핫도그 연희점,359,친절해요,168,2.14,191,https://m.place.naver.com/restaurant/822860469
2075993304,유타다미,293,기본 안주가 좋아요,137,2.14,156,https://m.place.naver.com/restaurant/2075993304
31364401,공룡부대찌개,259,친절해요,121,2.14,138,https://m.place.naver.com/restaurant/31364401
1590914818,사코,237,친절해요,111,2.14,126,https://m.place.naver.com/restaurant/1590914818
1212154487,스윗사워솔트,135,재료가 신선해요,63,2.14,72,https://m.place.naver.com/restaurant/1212154487
1354540045,치쿠린 서울,1833,인테리어가 멋져요,860,2.13,973,https://m.place.naver.com/restaurant/1354540045
2000323741,합정 로타리,309,인테리어가 멋져요,145,2.13,164,https://m.place.naver.com/restaurant/2000323741
2096751093,연남 초야,716,술이 다양해요,340,2.11,376,https://m.place.naver.com/restaurant/2096751093
1225027833,우와 연남점,670,친절해요,317,2.11,353,https://m.place.naver.com/restaurant/1225027833
1111599187,히게쯔라 합정,501,친절해요,237,2.11,264,https://m.place.naver.com/restaurant/1111599187
37903011,적사부,357,친절해요,169,2.11,188,https://m.place.naver.com/restaurant/37903011
1285881667,홍연국수,99,양이 많아요,47,2.11,52,https://m.place.naver.com/restaurant/1285881667
1753800653,그동네떡볶이 연남점,6960,양이 많아요,3320,2.1,3640,https://m.place.naver.com/restaurant/1753800653
21848683,옥타,84,특별한 메뉴가 있어요,40,2.1,44,https://m.place.naver.com/restaurant/21848683
1023214574,이자카야 날로,668,기본 안주가 좋아요,320,2.09,348,https://m.place.naver.com/restaurant/1023214574
2031896020,원할머니보쌈족발 연희점,92,고기 질이 좋아요,44,2.09,48,https://m.place.naver.com/restaurant/2031896020
2086743678,응큼떡볶이 연남점,69,가성비가 좋아요,33,2.09,36,https://m.place.naver.com/restaurant/2086743678
1014166710,츠키아카리,48,친절해요,23,2.09,25,https://m.place.naver.com/restaurant/1014166710
2040364211,휘로,1140,재료가 신선해요,548,2.08,592,https://m.place.naver.com/restaurant/2040364211
1732949952,카이화 상수 중국집,544,가성비가 좋아요,261,2.08,283,https://m.place.naver.com/restaurant/1732949952
1438596542,심야식당 텐조,325,친절해요,156,2.08,169,https://m.place.naver.com/restaurant/1438596542
1889897522,요미우돈교자 연남점,5908,특별한 메뉴가 있어요,2851,2.07,3057,https://m.place.naver.com/restaurant/1889897522
1138160588,쿠히치 연남,1805,매장이 넓어요,870,2.07,935,https://m.place.naver.com/restaurant/1138160588
1020155302,야반도주 연남점,502,술이 다양해요,243,2.07,259,https://m.place.naver.com/restaurant/1020155302
1940095324,진가,356,특별한 메뉴가 있어요,172,2.07,184,https://m.place.naver.com/restaurant/1940095324
1651918728,저스트텐동 연남본점,7142,재료가 신선해요,3462,2.06,3680,https://m.place.naver.com/restaurant/1651918728
1992606492,쿄다이텐동,606,양이 많아요,294,2.06,312,https://m.place.naver.com/restaurant/1992606492
1015876125,리틀쿠바,344,인테리어가 멋져요,167,2.06,177,https://m.place.naver.com/restaurant/1015876125
37812777,서교동 진향,171,재료가 신선해요,83,2.06,88,https://m.place.naver.com/restaurant/37812777
1499119401,로이로이 연남본점,4352,재료가 신선해요,2122,2.05,2230,https://m.place.naver.com/restaurant/1499119401
1359419409,랄라루들 연희사러가마트점,1813,혼밥하기 좋아요,883,2.05,930,https://m.place.naver.com/restaurant/1359419409
1636571197,쿄 라멘,717,혼밥하기 좋아요,349,2.05,368,https://m.place.naver.com/restaurant/1636571197
1886430489,장대포주먹고기,226,친절해요,110,2.05,116,https://m.place.naver.com/restaurant/1886430489
2017090941,구사 연남,2237,인테리어가 멋져요,1099,2.04,1138,https://m.place.naver.com/restaurant/2017090941
1761113868,예스터데이 야키토리와 오뎅,554,친절해요,271,2.04,283,https://m.place.naver.com/restaurant/1761113868
2095772387,후킨코,57,친절해요,28,2.04,29,https://m.place.naver.com/restaurant/2095772387
2084531481,나고미칸,2429,인테리어가 멋져요,1198,2.03,1231,https://m.place.naver.com/restaurant/2084531481
1874989869,평화연남,3270,양이 많아요,1618,2.02,1652,https://m.place.naver.com/restaurant/1874989869
1574904360,미르중식,2614,양이 많아요,1302,2.01,1312,https://m.place.naver.com/restaurant/1574904360
34393996,우동 카덴,1910,양이 많아요,950,2.01,960,https://m.place.naver.com/restaurant/34393996
1837278176,파동,1428,재료가 신선해요,712,2.01,716,https://m.place.naver.com/restaurant/1837278176
1662071630,청담동포장마차 신촌본점,1395,기본 안주가 좋아요,694,2.01,701,https://m.place.naver.com/restaurant/1662071630
1669511347,썸모어델리,563,재료가 신선해요,280,2.01,283,https://m.place.naver.com/restaurant/1669511347
1199991444,원석,292,특별한 메뉴가 있어요,145,2.01,147,https://m.place.naver.com/restaurant/1199991444
1690354455,갓잇 연남점,4721,재료가 신선해요,2358,2.0,2363,https://m.place.naver.com/restaurant/1690354455
1379199649,유메오뎅 연남,1400,술이 다양해요,699,2.0,701,https://m.place.naver.com/restaurant/1379199649
1191177990,연희불고기,118,친절해요,59,2.0,59,https://m.place.naver.com/restaurant/1191177990
1726545875,연희식당,58,재료가 신선해요,29,2.0,29,https://m.place.naver.com/restaurant/1726545875
20824657,연희사계절,30,친절해요,15,2.0,15,https://m.place.naver.com/restaurant/20824657
1300507703,서담헌 홍대본점,5821,인테리어가 멋져요,2923,1.99,2898,https://m.place.naver.com/restaurant/1300507703
1344306413,바다약방 연남본점,1846,특별한 메뉴가 있어요,929,1.99,917,https://m.place.naver.com/restaurant/1344306413
1013909886,수림식당 홍대점,1580,특별한 메뉴가 있어요,793,1.99,787,https://m.place.naver.com/restaurant/1013909886
33704447,유우 연희동본점,1078,재료가 신선해요,543,1.99,535,https://m.place.naver.com/restaurant/33704447
19535343,카미야,793,가성비가 좋아요,398,1.99,395,https://m.place.naver.com/restaurant/19535343
37414478,고미정 연희본점,782,재료가 신선해요,393,1.99,389,https://m.place.naver.com/restaurant/37414478
1073051359,장끼전 연남점,351,기본 안주가 좋아요,176,1.99,175,https://m.place.naver.com/restaurant/1073051359
2032875845,야키토리 이유,334,인테리어가 멋져요,168,1.99,166,https://m.place.naver.com/restaurant/2032875845
778485723,작가식당,277,친절해요,139,1.99,138,https://m.place.naver.com/restaurant/778485723
2093724423,무궁화반점 신촌점,1781,양이 많아요,901,1.98,880,https://m.place.naver.com/restaurant/2093724423
1361535497,한량,1418,술이 다양해요,715,1.98,703,https://m.place.naver.com/restaurant/1361535497
1686817844,연희동양꼬치,174,친절해요,88,1.98,86,https://m.place.naver.com/restaurant/1686817844
1129627515,우아하게,5392,인테리어가 멋져요,2742,1.97,2650,https://m.place.naver.com/restaurant/1129627515
1079209470,소코 연남동점,272,인테리어가 멋져요,138,1.97,134,https://m.place.naver.com/restaurant/1079209470
1640265563,로바타네코,215,특별한 메뉴가 있어요,109,1.97,106,https://m.place.naver.com/restaurant/1640265563
1124107346,루바브,154,친절해요,78,1.97,76,https://m.place.naver.com/restaurant/1124107346
13191758,송가,73,특별한 메뉴가 있어요,37,1.97,36,https://m.place.naver.com/restaurant/13191758
1493430542,중화요리연 홍제역점,524,재료가 신선해요,268,1.96,256,https://m.place.naver.com/restaurant/1493430542
1275203005,맨팅,396,재료가 신선해요,202,1.96,194,https://m.place.naver.com/restaurant/1275203005
1853082032,히노토리,296,친절해요,151,1.96,145,https://m.place.naver.com/restaurant/1853082032
1316743224,THE Yang,153,친절해요,78,1.96,75,https://m.place.naver.com/restaurant/1316743224
2027802007,연남면관,53,특별한 메뉴가 있어요,27,1.96,26,https://m.place.naver.com/restaurant/2027802007
2054625459,스프카레카무이,901,재료가 신선해요,463,1.95,438,https://m.place.naver.com/restaurant/2054625459
11824418,풍천장어 연남점,537,재료가 신선해요,275,1.95,262,https://m.place.naver.com/restaurant/11824418
2097038803,술마실틈도없냐,115,인테리어가 멋져요,59,1.95,56,https://m.place.naver.com/restaurant/2097038803
1358493636,고스트블랙 연남,3101,인테리어가 멋져요,1602,1.94,1499,https://m.place.naver.com/restaurant/1358493636
1408884866,심야식당밤,2156,술이 다양해요,1109,1.94,1047,https://m.place.naver.com/restaurant/1408884866
1984155649,역전포장마차 신촌점,1906,기본 안주가 좋아요,984,1.94,922,https://m.place.naver.com/restaurant/1984155649
11880458,목란,1215,특별한 메뉴가 있어요,626,1.94,589,https://m.place.naver.com/restaurant/11880458
1872238260,곤로 야끼니꾸,616,재료가 신선해요,318,1.94,298,https://m.place.naver.com/restaurant/1872238260
1472837357,연남정,443,가성비가 좋아요,228,1.94,215,https://m.place.naver.com/restaurant/1472837357
1040324044,모이정,306,친절해요,158,1.94,148,https://m.place.naver.com/restaurant/1040324044
1988329685,덕클 망원점,1697,특별한 메뉴가 있어요,880,1.93,817,https://m.place.naver.com/restaurant/1988329685
1658207872,화린,1082,친절해요,562,1.93,520,https://m.place.naver.com/restaurant/1658207872
1630360144,풀뜯는돼지,605,친절해요,314,1.93,291,https://m.place.naver.com/restaurant/1630360144
1656115826,고렝 연희점,561,친절해요,290,1.93,271,https://m.place.naver.com/restaurant/1656115826
389653690,밀플랜비 연세대점,236,가성비가 좋아요,122,1.93,114,https://m.place.naver.com/restaurant/389653690
1636096003,카츠몬스터 연남본점,1446,양이 많아요,755,1.92,691,https://m.place.naver.com/restaurant/1636096003
32799839,월강부산돼지국밥,743,양이 많아요,386,1.92,357,https://m.place.naver.com/restaurant/32799839
20383925,엘비스텍,686,친절해요,359,1.91,327,https://m.place.naver.com/restaurant/20383925
1022167250,코우콘,103,친절해요,54,1.91,49,https://m.place.naver.com/restaurant/1022167250
1153929366,이이요이 연남,1386,재료가 신선해요,729,1.9,657,https://m.place.naver.com/restaurant/1153929366
1633696121,클래식당,1037,인테리어가 멋져요,546,1.9,491,https://m.place.naver.com/restaurant/1633696121
1267633713,하나라멘,846,친절해요,446,1.9,400,https://m.place.naver.com/restaurant/1267633713
1386044935,도피,690,인테리어가 멋져요,363,1.9,327,https://m.place.naver.com/restaurant/1386044935
36342590,네코노키친,2000,인테리어가 멋져요,1061,1.89,939,https://m.place.naver.com/restaurant/36342590
1423635320,연남 차차밀로,1277,인테리어가 멋져요,676,1.89,601,https://m.place.naver.com/restaurant/1423635320
1112305560,호요 홍대점,1158,친절해요,613,1.89,545,https://m.place.naver.com/restaurant/1112305560
1875624361,모츠모츠,982,친절해요,520,1.89,462,https://m.place.naver.com/restaurant/1875624361
1905863414,비틀스피자 연남점,144,인테리어가 멋져요,76,1.89,68,https://m.place.naver.com/restaurant/1905863414
21259049,민스키친 연희점,36,친절해요,19,1.89,17,https://m.place.naver.com/restaurant/21259049
1956656482,토모야,96,친절해요,51,1.88,45,https://m.place.naver.com/restaurant/1956656482
1374800693,낭만주객,62,친절해요,33,1.88,29,https://m.place.naver.com/restaurant/1374800693
1276605451,역전포장마차 홍대연남점,4586,기본 안주가 좋아요,2453,1.87,2133,https://m.place.naver.com/restaurant/1276605451
1302809851,조선시대,2852,인테리어가 멋져요,1528,1.87,1324,https://m.place.naver.com/restaurant/1302809851
1378496863,락희안 가좌본점,2040,재료가 신선해요,1089,1.87,951,https://m.place.naver.com/restaurant/1378496863
1446146499,양산도 연희점,1892,재료가 신선해요,1012,1.87,880,https://m.place.naver.com/restaurant/1446146499
1361717178,골목에 핀 생화,1656,친절해요,885,1.87,771,https://m.place.naver.com/restaurant/1361717178
2018952996,남극반점,310,재료가 신선해요,166,1.87,144,https://m.place.naver.com/restaurant/2018952996
1504143517,모닥불,278,특별한 메뉴가 있어요,149,1.87,129,https://m.place.naver.com/restaurant/1504143517
1935443441,황남국밥 연희본점,266,재료가 신선해요,142,1.87,124,https://m.place.naver.com/restaurant/1935443441
1570604636,소금과다시마,155,특별한 메뉴가 있어요,83,1.87,72,https://m.place.naver.com/restaurant/1570604636
1828531081,치히로 홍대점,4304,인테리어가 멋져요,2312,1.86,1992,https://m.place.naver.com/restaurant/1828531081
1063954725,수라간,1236,재료가 신선해요,665,1.86,571,https://m.place.naver.com/restaurant/1063954725
1872698812,야키토리 청월당 연남점,588,대화하기 좋아요,316,1.86,272,https://m.place.naver.com/restaurant/1872698812
1765098518,담산 신촌본점,9868,친절해요,5333,1.85,4535,https://m.place.naver.com/restaurant/1765098518
1550759699,나래함박 홍대 연남동 본점,1322,재료가 신선해요,716,1.85,606,https://m.place.naver.com/restaurant/1550759699
1681173417,하나킨,1205,기본 안주가 좋아요,651,1.85,554,https://m.place.naver.com/restaurant/1681173417
37176082,히로 연남본점,541,술이 다양해요,292,1.85,249,https://m.place.naver.com/restaurant/37176082
2004257224,산카이메,413,혼밥하기 좋아요,223,1.85,190,https://m.place.naver.com/restaurant/2004257224
2093519168,광계,163,재료가 신선해요,88,1.85,75,https://m.place.naver.com/restaurant/2093519168
38486473,타비함박,146,친절해요,79,1.85,67,https://m.place.naver.com/restaurant/38486473
1305337580,발리문,2922,인테리어가 멋져요,1591,1.84,1331,https://m.place.naver.com/restaurant/1305337580
1402516922,음무아 연남점,2104,인테리어가 멋져요,1150,1.83,954,https://m.place.naver.com/restaurant/1402516922
36909159,최사장네닭,265,가성비가 좋아요,145,1.83,120,https://m.place.naver.com/restaurant/36909159
1304764553,모모키친,199,기본 안주가 좋아요,109,1.83,90,https://m.place.naver.com/restaurant/1304764553
1642048401,라멘파이터즈,108,혼밥하기 좋아요,59,1.83,49,https://m.place.naver.com/restaurant/1642048401
38251606,마세,64,음악이 좋아요,35,1.83,29,https://m.place.naver.com/restaurant/38251606
2066992294,음미,44,재료가 신선해요,24,1.83,20,https://m.place.naver.com/restaurant/2066992294
1589227265,미스터 육회연어왕 마포점,22,가성비가 좋아요,12,1.83,10,https://m.place.naver.com/restaurant/1589227265
1008179320,양밍산,603,특별한 메뉴가 있어요,331,1.82,272,https://m.place.naver.com/restaurant/1008179320
2003785582,연남잿불,256,기본 안주가 좋아요,141,1.82,115,https://m.place.naver.com/restaurant/2003785582
864066117,긴자료코 연희점,235,양이 많아요,129,1.82,106,https://m.place.naver.com/restaurant/864066117
1272703650,센트그릴 BBQ,222,특별한 메뉴가 있어요,122,1.82,100,https://m.place.naver.com/restaurant/1272703650
1860135294,연남파도,104,친절해요,57,1.82,47,https://m.place.naver.com/restaurant/1860135294
56228015,우와 홍대본점,3581,특별한 메뉴가 있어요,1982,1.81,1599,https://m.place.naver.com/restaurant/56228015
1863875951,써니스피자마켓,2250,재료가 신선해요,1241,1.81,1009,https://m.place.naver.com/restaurant/1863875951
1146136386,무채색,1353,인테리어가 멋져요,746,1.81,607,https://m.place.naver.com/restaurant/1146136386
2000578115,숯토리 홍대합정점,1021,기본 안주가 좋아요,563,1.81,458,https://m.place.naver.com/restaurant/2000578115
38276889,합정고깃집,864,고기 질이 좋아요,478,1.81,386,https://m.place.naver.com/restaurant/38276889
1031219213,하쿠텐라멘,789,혼밥하기 좋아요,436,1.81,353,https://m.place.naver.com/restaurant/1031219213
1273730865,홍홍 합정점,587,인테리어가 멋져요,325,1.81,262,https://m.place.naver.com/restaurant/1273730865
1089981837,산스,168,재료가 신선해요,93,1.81,75,https://m.place.naver.com/restaurant/1089981837
1275931128,히츠지야 연남점,2135,친절해요,1184,1.8,951,https://m.place.naver.com/restaurant/1275931128
195609594,야키토리 묵,893,특별한 메뉴가 있어요,495,1.8,398,https://m.place.naver.com/restaurant/195609594
1576423677,피자스쿨 연희점,505,가성비가 좋아요,281,1.8,224,https://m.place.naver.com/restaurant/1576423677
1595407960,교토우마이,483,기본 안주가 좋아요,269,1.8,214,https://m.place.naver.com/restaurant/1595407960
1336106729,안짱,383,친절해요,213,1.8,170,https://m.place.naver.com/restaurant/1336106729
1400935396,고덕,229,특별한 메뉴가 있어요,127,1.8,102,https://m.place.naver.com/restaurant/1400935396
1124058036,연희단팥죽,178,친절해요,99,1.8,79,https://m.place.naver.com/restaurant/1124058036
1632776868,틈틈,27,술이 다양해요,15,1.8,12,https://m.place.naver.com/restaurant/1632776868
1209567537,가원 연남점,3824,재료가 신선해요,2133,1.79,1691,https://m.place.naver.com/restaurant/1209567537
2055043057,수수연남,2582,재료가 신선해요,1440,1.79,1142,https://m.place.naver.com/restaurant/2055043057
1679298554,연남짚,429,특별한 메뉴가 있어요,240,1.79,189,https://m.place.naver.com/restaurant/1679298554
2061264065,전정국밥,343,재료가 신선해요,192,1.79,151,https://m.place.naver.com/restaurant/2061264065
2089728518,톤토리,86,대화하기 좋아요,48,1.79,38,https://m.place.naver.com/restaurant/2089728518
18749338,형제숯불갈비,52,친절해요,29,1.79,23,https://m.place.naver.com/restaurant/18749338
1296770993,용왕포차 홍대연남점,880,메뉴 구성이 알차요,494,1.78,386,https://m.place.naver.com/restaurant/1296770993
123275931,왕왕,313,가성비가 좋아요,176,1.78,137,https://m.place.naver.com/restaurant/123275931
1674391570,연희면관,223,친절해요,125,1.78,98,https://m.place.naver.com/restaurant/1674391570
1543297676,새벽,4415,술이 다양해요,2494,1.77,1921,https://m.place.naver.com/restaurant/1543297676
1732651729,니꾸킹 버거,1076,친절해요,609,1.77,467,https://m.place.naver.com/restaurant/1732651729
1763607050,사루카메,1047,특별한 메뉴가 있어요,591,1.77,456,https://m.place.naver.com/restaurant/1763607050
1648813142,요쇼쿠야 리나,516,재료가 신선해요,291,1.77,225,https://m.place.naver.com/restaurant/1648813142
1074749296,대양장,440,재료가 신선해요,248,1.77,192,https://m.place.naver.com/restaurant/1074749296
1013534030,연남 흑돼지,241,고기 질이 좋아요,136,1.77,105,https://m.place.naver.com/restaurant/1013534030
1197935095,연남고집,200,술이 다양해요,113,1.77,87,https://m.place.naver.com/restaurant/1197935095
1290530498,연남타코 연남본점,2362,인테리어가 멋져요,1341,1.76,1021,https://m.place.naver.com/restaurant/1290530498
1655732599,메종브리크,649,특별한 메뉴가 있어요,369,1.76,280,https://m.place.naver.com/restaurant/1655732599
1627943145,우라난바,627,술이 다양해요,357,1.76,270,https://m.place.naver.com/restaurant/1627943145
1013428675,연희일공사국밥 찐심,422,재료가 신선해요,240,1.76,182,https://m.place.naver.com/restaurant/1013428675
1317238432,무쇠김치삼겹 연남점,209,고기 질이 좋아요,119,1.76,90,https://m.place.naver.com/restaurant/1317238432
36410880,에노테카오토,174,재료가 신선해요,99,1.76,75,https://m.place.naver.com/restaurant/36410880
1617109383,성립,130,술이 다양해요,74,1.76,56,https://m.place.naver.com/restaurant/1617109383
1166922529,또또,104,술이 다양해요,59,1.76,45,https://m.place.naver.com/restaurant/1166922529
1830503715,따롱이훠궈 홍대점,3491,재료가 신선해요,1994,1.75,1497,https://m.place.naver.com/restaurant/1830503715
1255182216,카마카츠,1655,양이 많아요,948,1.75,707,https://m.place.naver.com/restaurant/1255182216
1275939992,토메루,805,친절해요,459,1.75,346,https://m.place.naver.com/restaurant/1275939992
1104948459,신기루빠,664,친절해요,380,1.75,284,https://m.place.naver.com/restaurant/1104948459
1636076061,쿠보,321,인테리어가 멋져요,183,1.75,138,https://m.place.naver.com/restaurant/1636076061
2091395246,시센,226,재료가 신선해요,129,1.75,97,https://m.place.naver.com/restaurant/2091395246
1369822331,셀로나,131,인테리어가 멋져요,75,1.75,56,https://m.place.naver.com/restaurant/1369822331
1198813653,댄싱홍콩 신촌점,5148,인테리어가 멋져요,2958,1.74,2190,https://m.place.naver.com/restaurant/1198813653
911607128,홍대IN파스타,2812,가성비가 좋아요,1619,1.74,1193,https://m.place.naver.com/restaurant/911607128
1289022009,판다딤섬,1061,특별한 메뉴가 있어요,609,1.74,452,https://m.place.naver.com/restaurant/1289022009
1753469642,마스타하이볼 연남점,563,술이 다양해요,324,1.74,239,https://m.place.naver.com/restaurant/1753469642
1154345782,토쿠이,439,술이 다양해요,252,1.74,187,https://m.place.naver.com/restaurant/1154345782
1676369812,드럼통 숯불구이 연남점,164,친절해요,94,1.74,70,https://m.place.naver.com/restaurant/1676369812
2053916309,송경솥밥 연남점,82,재료가 신선해요,47,1.74,35,https://m.place.naver.com/restaurant/2053916309
1604085821,낙경,479,친절해요,277,1.73,202,https://m.place.naver.com/restaurant/1604085821
38003033,스시마쯔,147,재료가 신선해요,85,1.73,62,https://m.place.naver.com/restaurant/38003033
1830843911,늦달,38,음악이 좋아요,22,1.73,16,https://m.place.naver.com/restaurant/1830843911
1414264972,쿠로코식당 연남점,4731,인테리어가 멋져요,2755,1.72,1976,https://m.place.naver.com/restaurant/1414264972
1794723744,기요한,764,특별한 메뉴가 있어요,445,1.72,319,https://m.place.naver.com/restaurant/1794723744
1604887759,명륜진사갈비 서울 연희점,500,가성비가 좋아요,290,1.72,210,https://m.place.naver.com/restaurant/1604887759
2000759590,담연,148,인테리어가 멋져요,86,1.72,62,https://m.place.naver.com/restaurant/2000759590
1623995485,연주방 어페어,1418,친절해요,829,1.71,589,https://m.place.naver.com/restaurant/1623995485
2048731337,철판요리미로 연남본점,1290,재료가 신선해요,753,1.71,537,https://m.place.naver.com/restaurant/2048731337
1090105095,연남제비,550,고기 질이 좋아요,321,1.71,229,https://m.place.naver.com/restaurant/1090105095
2026372416,레이지프로그,503,인테리어가 멋져요,294,1.71,209,https://m.place.naver.com/restaurant/2026372416
1467566565,거북이의꿈 본점,449,특별한 메뉴가 있어요,263,1.71,186,https://m.place.naver.com/restaurant/1467566565
2063300370,덤버거 본점,389,인테리어가 멋져요,227,1.71,162,https://m.place.naver.com/restaurant/2063300370
1015300168,요쇼쿠야 코우,149,친절해요,87,1.71,62,https://m.place.naver.com/restaurant/1015300168
1506631168,월향보쌈,82,인테리어가 멋져요,48,1.71,34,https://m.place.naver.com/restaurant/1506631168
18257443,선수사,58,재료가 신선해요,34,1.71,24,https://m.place.naver.com/restaurant/18257443
2028562136,띵하우,29,재료가 신선해요,17,1.71,12,https://m.place.naver.com/restaurant/2028562136
2020193796,피스호로록,24,친절해요,14,1.71,10,https://m.place.naver.com/restaurant/2020193796
1108625845,연남 칼국수,2355,양이 많아요,1384,1.7,971,https://m.place.naver.com/restaurant/1108625845
1484798126,우탕 연남 본점,1463,재료가 신선해요,862,1.7,601,https://m.place.naver.com/restaurant/1484798126
1080811064,스시지현,942,재료가 신선해요,555,1.7,387,https://m.place.naver.com/restaurant/1080811064
1231745266,전주상회,851,인테리어가 멋져요,502,1.7,349,https://m.place.naver.com/restaurant/1231745266
1902678054,연금술,46,인테리어가 멋져요,27,1.7,19,https://m.place.naver.com/restaurant/1902678054
1900969739,코지로 아자스 이대,613,인테리어가 멋져요,362,1.69,251,https://m.place.naver.com/restaurant/1900969739
38301272,중화복춘,577,특별한 메뉴가 있어요,342,1.69,235,https://m.place.naver.com/restaurant/38301272
1549524831,도부,215,친절해요,127,1.69,88,https://m.place.naver.com/restaurant/1549524831
1085451324,야키토리 나루토 홍대,118,친절해요,70,1.69,48,https://m.place.naver.com/restaurant/1085451324
1716208849,하나노세이슌,88,인테리어가 멋져요,52,1.69,36,https://m.place.naver.com/restaurant/1716208849
1272032081,홍복,61,가성비가 좋아요,36,1.69,25,https://m.place.naver.com/restaurant/1272032081
1129896368,양식구옥,5927,인테리어가 멋져요,3521,1.68,2406,https://m.place.naver.com/restaurant/1129896368
1810003724,곱창파는고깃집 공덕본점,1394,고기 질이 좋아요,829,1.68,565,https://m.place.naver.com/restaurant/1810003724
380995011,우동카덴,1330,양이 많아요,791,1.68,539,https://m.place.naver.com/restaurant/380995011
1134308512,육면달,298,재료가 신선해요,177,1.68,121,https://m.place.naver.com/restaurant/1134308512
1560785276,희로,131,가성비가 좋아요,78,1.68,53,https://m.place.naver.com/restaurant/1560785276
1532395497,진청유점,4095,재료가 신선해요,2458,1.67,1637,https://m.place.naver.com/restaurant/1532395497
1168445377,꼬요식당,1202,기본 안주가 좋아요,720,1.67,482,https://m.place.naver.com/restaurant/1168445377
1345504483,연희곰탕,1073,재료가 신선해요,643,1.67,430,https://m.place.naver.com/restaurant/1345504483
18799565,바다회사랑 연남점,984,재료가 신선해요,590,1.67,394,https://m.place.naver.com/restaurant/18799565
1136436599,플롭 연남,887,인테리어가 멋져요,531,1.67,356,https://m.place.naver.com/restaurant/1136436599
674179089,오복수산시장,482,재료가 신선해요,289,1.67,193,https://m.place.naver.com/restaurant/674179089
2011133385,온행,280,재료가 신선해요,168,1.67,112,https://m.place.naver.com/restaurant/2011133385
1205779129,토리키조쿠 홍대본점,107,가성비가 좋아요,64,1.67,43,https://m.place.naver.com/restaurant/1205779129
1098294053,인생건어물 연희점,45,기본 안주가 좋아요,27,1.67,18,https://m.place.naver.com/restaurant/1098294053
2098439910,제인버거,30,친절해요,18,1.67,12,https://m.place.naver.com/restaurant/2098439910
1270040444,씨케이브,2255,특별한 메뉴가 있어요,1355,1.66,900,https://m.place.naver.com/restaurant/1270040444
1237104695,카멜로연남,2010,인테리어가 멋져요,1213,1.66,797,https://m.place.naver.com/restaurant/1237104695
11663081,철길왕갈비살,1948,고기 질이 좋아요,1171,1.66,777,https://m.place.naver.com/restaurant/11663081
1113972362,옥자,1732,재료가 신선해요,1046,1.66,686,https://m.place.naver.com/restaurant/1113972362
218413355,카덴,333,특별한 메뉴가 있어요,201,1.66,132,https://m.place.naver.com/restaurant/218413355
2015166472,카마 연남점,258,인테리어가 멋져요,155,1.66,103,https://m.place.naver.com/restaurant/2015166472
1304934400,해브 연남 파스타,1698,재료가 신선해요,1026,1.65,672,https://m.place.naver.com/restaurant/1304934400
1219039149,마우디 브런치,1160,재료가 신선해요,705,1.65,455,https://m.place.naver.com/restaurant/1219039149
1038777225,중화복춘 골드,387,특별한 메뉴가 있어요,234,1.65,153,https://m.place.naver.com/restaurant/1038777225
20123242,가마마루이라멘,311,혼밥하기 좋아요,188,1.65,123,https://m.place.naver.com/restaurant/20123242
1216066656,랑트 연남,4015,인테리어가 멋져요,2449,1.64,1566,https://m.place.naver.com/restaurant/1216066656
37411506,젠틀키친,393,특별한 메뉴가 있어요,240,1.64,153,https://m.place.naver.com/restaurant/37411506
1317035739,카나데,270,특별한 메뉴가 있어요,165,1.64,105,https://m.place.naver.com/restaurant/1317035739
1301688032,론도론도,180,특별한 메뉴가 있어요,110,1.64,70,https://m.place.naver.com/restaurant/1301688032
1638198230,용뱅이,141,친절해요,86,1.64,55,https://m.place.naver.com/restaurant/1638198230
1185506401,잇스시,1461,재료가 신선해요,894,1.63,567,https://m.place.naver.com/restaurant/1185506401
1189970521,왕소야 홍대점,1085,재료가 신선해요,665,1.63,420,https://m.place.naver.com/restaurant/1189970521
1093809527,우미집 연남,989,인테리어가 멋져요,607,1.63,382,https://m.place.naver.com/restaurant/1093809527
1152277974,연덮,612,재료가 신선해요,375,1.63,237,https://m.place.naver.com/restaurant/1152277974
2056509070,담양식 육미향 마포연남점,402,고기 질이 좋아요,246,1.63,156,https://m.place.naver.com/restaurant/2056509070
1647986759,연희별밥,124,재료가 신선해요,76,1.63,48,https://m.place.naver.com/restaurant/1647986759
36283337,피자앤플랫,85,가성비가 좋아요,52,1.63,33,https://m.place.naver.com/restaurant/36283337
2017470412,남솥연남동솥뚜껑,62,재료가 신선해요,38,1.63,24,https://m.place.naver.com/restaurant/2017470412
1976526195,교장맥주 홍대입구역점,2923,기본 안주가 좋아요,1799,1.62,1124,https://m.place.naver.com/restaurant/1976526195
1478636575,쿳사 연희,2350,재료가 신선해요,1448,1.62,902,https://m.place.naver.com/restaurant/1478636575
2144911618,종로돈부리 연남,1068,재료가 신선해요,660,1.62,408,https://m.place.naver.com/restaurant/2144911618
1177738283,청백,767,재료가 신선해요,472,1.62,295,https://m.place.naver.com/restaurant/1177738283
1133569343,장가닭갈비 연희직영점,107,친절해요,66,1.62,41,https://m.place.naver.com/restaurant/1133569343
20502569,묘한술책,34,친절해요,21,1.62,13,https://m.place.naver.com/restaurant/20502569
1629339009,리차드하우스 연남,2105,인테리어가 멋져요,1308,1.61,797,https://m.place.naver.com/restaurant/1629339009
1521280467,업투미,1640,재료가 신선해요,1017,1.61,623,https://m.place.naver.com/restaurant/1521280467
1447063578,꿀돼지집,1422,고기 질이 좋아요,881,1.61,541,https://m.place.naver.com/restaurant/1447063578
1133500880,로앤쿡드 더브런치,1279,재료가 신선해요,796,1.61,483,https://m.place.naver.com/restaurant/1133500880
2066012270,체보파스타바,397,재료가 신선해요,246,1.61,151,https://m.place.naver.com/restaurant/2066012270
2026629211,엘까르니따스 연남점,318,재료가 신선해요,197,1.61,121,https://m.place.naver.com/restaurant/2026629211
1214986169,맡기다,95,친절해요,59,1.61,36,https://m.place.naver.com/restaurant/1214986169
1490548135,무겐스위치,760,혼밥하기 좋아요,475,1.6,285,https://m.place.naver.com/restaurant/1490548135
2000605317,토오리,80,재료가 신선해요,50,1.6,30,https://m.place.naver.com/restaurant/2000605317
1537918661,연어롭다,2499,재료가 신선해요,1571,1.59,928,https://m.place.naver.com/restaurant/1537918661
1878921414,한합 합정,442,술이 다양해요,278,1.59,164,https://m.place.naver.com/restaurant/1878921414
1602729572,스시미가쿠,62,가성비가 좋아요,39,1.59,23,https://m.place.naver.com/restaurant/1602729572
1993015448,춘장포차 홍대입구역점,2287,가성비가 좋아요,1450,1.58,837,https://m.place.naver.com/restaurant/1993015448
1401001726,광야,1978,인테리어가 멋져요,1250,1.58,728,https://m.place.naver.com/restaurant/1401001726
1252808612,연남주막1987,1248,술이 다양해요,791,1.58,457,https://m.place.naver.com/restaurant/1252808612
1950070220,우아하게 연남점,859,인테리어가 멋져요,542,1.58,317,https://m.place.naver.com/restaurant/1950070220
38738511,작은스페인,731,인테리어가 멋져요,463,1.58,268,https://m.place.naver.com/restaurant/38738511
1098697502,핑퐁서울,228,인테리어가 멋져요,144,1.58,84,https://m.place.naver.com/restaurant/1098697502
1643628597,리향,167,재료가 신선해요,106,1.58,61,https://m.place.naver.com/restaurant/1643628597
18750721,황금성,19,친절해요,12,1.58,7,https://m.place.naver.com/restaurant/18750721
1258564823,팔계집,2102,고기 질이 좋아요,1343,1.57,759,https://m.place.naver.com/restaurant/1258564823
1206369946,연남취향,1311,인테리어가 멋져요,835,1.57,476,https://m.place.naver.com/restaurant/1206369946
1469012129,라아,557,친절해요,355,1.57,202,https://m.place.naver.com/restaurant/1469012129
2002097250,로위즘 뭉티기육회 연남,44,인테리어가 멋져요,28,1.57,16,https://m.place.naver.com/restaurant/2002097250
1275815754,비스트로 오라,1578,친절해요,1012,1.56,566,https://m.place.naver.com/restaurant/1275815754
1458553422,엄마식탁,125,재료가 신선해요,80,1.56,45,https://m.place.naver.com/restaurant/1458553422
1165048413,원연희,42,특별한 메뉴가 있어요,27,1.56,15,https://m.place.naver.com/restaurant/1165048413
1845490410,호롱,25,친절해요,16,1.56,9,https://m.place.naver.com/restaurant/1845490410
1414485182,미미램양꼬치 홍대점,2892,고기 질이 좋아요,1868,1.55,1024,https://m.place.naver.com/restaurant/1414485182
1783218344,콘티키빠,758,기본 안주가 좋아요,489,1.55,269,https://m.place.naver.com/restaurant/1783218344
1070719351,제로밥상 연남점,622,재료가 신선해요,402,1.55,220,https://m.place.naver.com/restaurant/1070719351
1901963514,백채김치찌개 연희동점,492,양이 많아요,317,1.55,175,https://m.place.naver.com/restaurant/1901963514
2028793825,연남달빛,268,야외공간이 멋져요,173,1.55,95,https://m.place.naver.com/restaurant/2028793825
1851499166,니시무라멘 연남본점,246,특별한 메뉴가 있어요,159,1.55,87,https://m.place.naver.com/restaurant/1851499166
1243232587,두루미,228,술이 다양해요,147,1.55,81,https://m.place.naver.com/restaurant/1243232587
1666301719,라멘야누,221,혼밥하기 좋아요,143,1.55,78,https://m.place.naver.com/restaurant/1666301719
2030670276,파스티아르,79,재료가 신선해요,51,1.55,28,https://m.place.naver.com/restaurant/2030670276
1653474989,연희동 만석집,34,친절해요,22,1.55,12,https://m.place.naver.com/restaurant/1653474989
1441022454,프랭클린스델리,678,재료가 신선해요,440,1.54,238,https://m.place.naver.com/restaurant/1441022454
2052244827,우리는 모두 친구 연희,189,재료가 신선해요,123,1.54,66,https://m.place.naver.com/restaurant/2052244827
2015948308,바이트 클럽,77,재료가 신선해요,50,1.54,27,https://m.place.naver.com/restaurant/2015948308
1140026252,배터리88 홍대,3583,가성비가 좋아요,2347,1.53,1236,https://m.place.naver.com/restaurant/1140026252
1745689571,서문첫집,668,양이 많아요,438,1.53,230,https://m.place.naver.com/restaurant/1745689571
2058794984,썬글리터 연남점,543,인테리어가 멋져요,354,1.53,189,https://m.place.naver.com/restaurant/2058794984
1092502636,가메스시,184,재료가 신선해요,120,1.53,64,https://m.place.naver.com/restaurant/1092502636
18750551,소푸리콩나물국밥,144,가성비가 좋아요,94,1.53,50,https://m.place.naver.com/restaurant/18750551
1827892445,아트와떵,135,특별한 메뉴가 있어요,88,1.53,47,https://m.place.naver.com/restaurant/1827892445
1232680964,연미정 연어 연남본점,3443,재료가 신선해요,2271,1.52,1172,https://m.place.naver.com/restaurant/1232680964
1477750254,티엔미미 홍대점,827,특별한 메뉴가 있어요,544,1.52,283,https://m.place.naver.com/restaurant/1477750254
1925365662,기호,699,술이 다양해요,461,1.52,238,https://m.place.naver.com/restaurant/1925365662
1607042501,글루글루,244,친절해요,160,1.52,84,https://m.place.naver.com/restaurant/1607042501
1184403385,라멘롱시즌,186,친절해요,122,1.52,64,https://m.place.naver.com/restaurant/1184403385
1940734758,태성골뱅이신사 연희점,64,친절해요,42,1.52,22,https://m.place.naver.com/restaurant/1940734758
1978161435,연남동와이탑,6606,인테리어가 멋져요,4382,1.51,2224,https://m.place.naver.com/restaurant/1978161435
1816808470,규카츠정 연남,5188,고기 질이 좋아요,3427,1.51,1761,https://m.place.naver.com/restaurant/1816808470
1714677355,행진,2091,고기 질이 좋아요,1386,1.51,705,https://m.place.naver.com/restaurant/1714677355
1777390319,강남 돼지상회 무한리필 홍대점,1882,가성비가 좋아요,1243,1.51,639,https://m.place.naver.com/restaurant/1777390319
2011295254,돈토키,636,재료가 신선해요,420,1.51,216,https://m.place.naver.com/restaurant/2011295254
1198165438,피스케스,627,특별한 메뉴가 있어요,416,1.51,211,https://m.place.naver.com/restaurant/1198165438
11590700,신촌고기창고,513,고기 질이 좋아요,340,1.51,173,https://m.place.naver.com/restaurant/11590700
1344661821,잇다프로젝트 연남,457,재료가 신선해요,303,1.51,154,https://m.place.naver.com/restaurant/1344661821
2025744878,사르르 연남,2585,인테리어가 멋져요,1728,1.5,857,https://m.place.naver.com/restaurant/2025744878
1188500976,테즈쿠리 홍대본점,860,양이 많아요,574,1.5,286,https://m.place.naver.com/restaurant/1188500976
34079145,데일리라운드 연남,528,인테리어가 멋져요,353,1.5,175,https://m.place.naver.com/restaurant/34079145
1970662373,장작새,30,재료가 신선해요,20,1.5,10,https://m.place.naver.com/restaurant/1970662373
1213756392,오쿠라,21,재료가 신선해요,14,1.5,7,https://m.place.naver.com/restaurant/1213756392
1276500986,숲길정육점,500,고기 질이 좋아요,336,1.49,164,https://m.place.naver.com/restaurant/1276500986
1496175746,일쏠레,487,인테리어가 멋져요,326,1.49,161,https://m.place.naver.com/restaurant/1496175746
2096671776,주류충전소 연남점,366,기본 안주가 좋아요,245,1.49,121,https://m.place.naver.com/restaurant/2096671776
1803099305,오복수산 연남점,359,재료가 신선해요,241,1.49,118,https://m.place.naver.com/restaurant/1803099305
1441517469,혼시츠,70,특별한 메뉴가 있어요,47,1.49,23,https://m.place.naver.com/restaurant/1441517469
1147126296,연희보리밥,3260,재료가 신선해요,2198,1.48,1062,https://m.place.naver.com/restaurant/1147126296
2081278821,종로대성식당,1214,재료가 신선해요,821,1.48,393,https://m.place.naver.com/restaurant/2081278821
19899218,녹원쌈밥 연희점,1067,재료가 신선해요,720,1.48,347,https://m.place.naver.com/restaurant/19899218
1454989645,도우클럽 연희본점,958,재료가 신선해요,648,1.48,310,https://m.place.naver.com/restaurant/1454989645
1614576086,연남 다저스,643,재료가 신선해요,433,1.48,210,https://m.place.naver.com/restaurant/1614576086
1630030343,아카사니 연남점,170,특별한 메뉴가 있어요,115,1.48,55,https://m.place.naver.com/restaurant/1630030343
2092681070,어구생,68,재료가 신선해요,46,1.48,22,https://m.place.naver.com/restaurant/2092681070
1929517117,봉림대패 홍대점,2629,고기 질이 좋아요,1793,1.47,836,https://m.place.naver.com/restaurant/1929517117
1795454544,술비 연남,1313,술이 다양해요,895,1.47,418,https://m.place.naver.com/restaurant/1795454544
1309585620,밀라노식당,1115,인테리어가 멋져요,756,1.47,359,https://m.place.naver.com/restaurant/1309585620
2076899446,차이나엑스포 홍대서교점,430,재료가 신선해요,292,1.47,138,https://m.place.naver.com/restaurant/2076899446
18248947,강수사,388,재료가 신선해요,264,1.47,124,https://m.place.naver.com/restaurant/18248947
1874250334,릿 카운터,172,특별한 메뉴가 있어요,117,1.47,55,https://m.place.naver.com/restaurant/1874250334
2061423260,벨리시모,91,재료가 신선해요,62,1.47,29,https://m.place.naver.com/restaurant/2061423260
1189264617,해옫 연남,4807,인테리어가 멋져요,3284,1.46,1523,https://m.place.naver.com/restaurant/1189264617
1201977326,이오 한우구이 스키야키 연남,1021,고기 질이 좋아요,697,1.46,324,https://m.place.naver.com/restaurant/1201977326
1829552610,우고미,246,차분한 분위기예요,169,1.46,77,https://m.place.naver.com/restaurant/1829552610
2004006602,하이아시아,86,인테리어가 멋져요,59,1.46,27,https://m.place.naver.com/restaurant/2004006602
2067534125,스이,19,인테리어가 멋져요,13,1.46,6,https://m.place.naver.com/restaurant/2067534125
31253999,여우골초밥 신촌점,2415,재료가 신선해요,1668,1.45,747,https://m.place.naver.com/restaurant/31253999
1051445603,연남화로,467,친절해요,323,1.45,144,https://m.place.naver.com/restaurant/1051445603
38010024,탕탕,196,가성비가 좋아요,135,1.45,61,https://m.place.naver.com/restaurant/38010024
2052668536,연희 LAB,125,특별한 메뉴가 있어요,86,1.45,39,https://m.place.naver.com/restaurant/2052668536
2081438447,러프,48,친절해요,33,1.45,15,https://m.place.naver.com/restaurant/2081438447
34333020,써브웨이 연희점,523,재료가 신선해요,364,1.44,159,https://m.place.naver.com/restaurant/34333020
1530993164,판초,104,친절해요,72,1.44,32,https://m.place.naver.com/restaurant/1530993164
1248953573,위어도우,56,특별한 메뉴가 있어요,39,1.44,17,https://m.place.naver.com/restaurant/1248953573
1685805793,미쁘동 연남본점,19813,재료가 신선해요,13851,1.43,5962,https://m.place.naver.com/restaurant/1685805793
1173180819,연남 안테이쿠,1883,인테리어가 멋져요,1320,1.43,563,https://m.place.naver.com/restaurant/1173180819
1386739751,회뜨는총각,176,재료가 신선해요,123,1.43,53,https://m.place.naver.com/restaurant/1386739751
2009994747,키친유이,109,혼밥하기 좋아요,76,1.43,33,https://m.place.naver.com/restaurant/2009994747
1443064599,부추긴돼지,2452,고기 질이 좋아요,1725,1.42,727,https://m.place.naver.com/restaurant/1443064599
1759441377,디어리스트 연남,1858,친절해요,1310,1.42,548,https://m.place.naver.com/restaurant/1759441377
1934133001,대승곱창,1768,친절해요,1249,1.42,519,https://m.place.naver.com/restaurant/1934133001
1525469440,소제이 연남점,888,고기 질이 좋아요,627,1.42,261,https://m.place.naver.com/restaurant/1525469440
1816045115,짚불집,668,고기 질이 좋아요,471,1.42,197,https://m.place.naver.com/restaurant/1816045115
1952089280,로얄싸롱,345,인테리어가 멋져요,243,1.42,102,https://m.place.naver.com/restaurant/1952089280
1646489330,이끔,218,술이 다양해요,154,1.42,64,https://m.place.naver.com/restaurant/1646489330
13119742,뱅센느,68,친절해요,48,1.42,20,https://m.place.naver.com/restaurant/13119742
1589373477,정키,68,특별한 메뉴가 있어요,48,1.42,20,https://m.place.naver.com/restaurant/1589373477
1327468783,춘광,31,특별한 메뉴가 있어요,22,1.41,9,https://m.place.naver.com/restaurant/1327468783
2082248492,오브힐 연남,529,인테리어가 멋져요,377,1.4,152,https://m.place.naver.com/restaurant/2082248492
1603907308,스시도쿠 현대백화점 신촌점,5320,재료가 신선해요,3819,1.39,1501,https://m.place.naver.com/restaurant/1603907308
1818524900,야식포차,61,가성비가 좋아요,44,1.39,17,https://m.place.naver.com/restaurant/1818524900
1615472915,연희동그집,211,재료가 신선해요,153,1.38,58,https://m.place.naver.com/restaurant/1615472915
1107644965,가고싶은 선리네,54,친절해요,39,1.38,15,https://m.place.naver.com/restaurant/1107644965
1642547181,블루쇼파스타 연남,6934,인테리어가 멋져요,5055,1.37,1879,https://m.place.naver.com/restaurant/1642547181
35726772,동차밥 홍대 연남 본점,999,재료가 신선해요,727,1.37,272,https://m.place.naver.com/restaurant/35726772
2076190036,삼국정 연남본점,569,재료가 신선해요,415,1.37,154,https://m.place.naver.com/restaurant/2076190036
2057405775,데이오프,364,재료가 신선해요,266,1.37,98,https://m.place.naver.com/restaurant/2057405775
1418775381,모티,129,특별한 메뉴가 있어요,94,1.37,35,https://m.place.naver.com/restaurant/1418775381
2058594206,더버거샵424,89,재료가 신선해요,65,1.37,24,https://m.place.naver.com/restaurant/2058594206
1775967927,아민 연남,3956,재료가 신선해요,2915,1.36,1041,https://m.place.naver.com/restaurant/1775967927
1548716472,헤이죠지,2395,인테리어가 멋져요,1765,1.36,630,https://m.place.naver.com/restaurant/1548716472
1441592124,돼지명가 연남점,2179,고기 질이 좋아요,1601,1.36,578,https://m.place.naver.com/restaurant/1441592124
1071880318,연남 잠수함,1465,인테리어가 멋져요,1079,1.36,386,https://m.place.naver.com/restaurant/1071880318
1816828256,마나올라나,741,재료가 신선해요,546,1.36,195,https://m.place.naver.com/restaurant/1816828256
1302375993,오토김밥 연희점,109,재료가 신선해요,80,1.36,29,https://m.place.naver.com/restaurant/1302375993
13269361,이노시시 연남본점,103,친절해요,76,1.36,27,https://m.place.naver.com/restaurant/13269361
2098727940,로포텐바이롱보트스모커,61,재료가 신선해요,45,1.36,16,https://m.place.naver.com/restaurant/2098727940
1577648959,오뗄드꾸뜨,1620,인테리어가 멋져요,1196,1.35,424,https://m.place.naver.com/restaurant/1577648959
1945007895,쎄쎄쎄,354,기본 안주가 좋아요,262,1.35,92,https://m.place.naver.com/restaurant/1945007895
2087592167,우뮬 연남본점,85,고기 질이 좋아요,63,1.35,22,https://m.place.naver.com/restaurant/2087592167
31658343,청기와갈비,1320,고기 질이 좋아요,983,1.34,337,https://m.place.naver.com/restaurant/31658343
20863893,작은마을밥상,99,가성비가 좋아요,74,1.34,25,https://m.place.naver.com/restaurant/20863893
1390447459,토리키조쿠 홍대입구역점,51,가성비가 좋아요,38,1.34,13,https://m.place.naver.com/restaurant/1390447459
2007617364,머지,47,인테리어가 멋져요,35,1.34,12,https://m.place.naver.com/restaurant/2007617364
1071379923,블루레시피,39,재료가 신선해요,29,1.34,10,https://m.place.naver.com/restaurant/1071379923
2052375421,박만배아리랑보쌈 연희점,1290,고기 질이 좋아요,968,1.33,322,https://m.place.naver.com/restaurant/2052375421
13574120,파올로데마리아,60,특별한 메뉴가 있어요,45,1.33,15,https://m.place.naver.com/restaurant/13574120
773997030,씽씽,90,가성비가 좋아요,68,1.32,22,https://m.place.naver.com/restaurant/773997030
37554274,밀스,58,친절해요,44,1.32,14,https://m.place.naver.com/restaurant/37554274
2083881432,푸질로,29,재료가 신선해요,22,1.32,7,https://m.place.naver.com/restaurant/2083881432
1231465853,육미안 연남점,5061,고기 질이 좋아요,3869,1.31,1192,https://m.place.naver.com/restaurant/1231465853
1351889411,육산장 홍대본점,2509,고기 질이 좋아요,1917,1.31,592,https://m.place.naver.com/restaurant/1351889411
1996401295,목로관,1778,고기 질이 좋아요,1354,1.31,424,https://m.place.naver.com/restaurant/1996401295
1417206539,진어참치,294,재료가 신선해요,224,1.31,70,https://m.place.naver.com/restaurant/1417206539
1573045785,불철 연남,161,술이 다양해요,123,1.31,38,https://m.place.naver.com/restaurant/1573045785
1020816892,마포갈비,21,친절해요,16,1.31,5,https://m.place.naver.com/restaurant/1020816892
2011767948,아꼬르 연희,135,재료가 신선해요,104,1.3,31,https://m.place.naver.com/restaurant/2011767948
1730142956,스시정인,127,재료가 신선해요,98,1.3,29,https://m.place.naver.com/restaurant/1730142956
1523587184,심두,43,특별한 메뉴가 있어요,33,1.3,10,https://m.place.naver.com/restaurant/1523587184
2034709009,카츠스위스,2784,인테리어가 멋져요,2159,1.29,625,https://m.place.naver.com/restaurant/2034709009
36873920,고기꾼김춘배 홍대본점,2645,고기 질이 좋아요,2048,1.29,597,https://m.place.naver.com/restaurant/36873920
1757884838,캬센터,269,고기 질이 좋아요,209,1.29,60,https://m.place.naver.com/restaurant/1757884838
2082807251,0km 스페인,101,인테리어가 멋져요,78,1.29,23,https://m.place.naver.com/restaurant/2082807251
1040236089,연피랑,1104,재료가 신선해요,861,1.28,243,https://m.place.naver.com/restaurant/1040236089
1401301088,리플리 연남본점,530,인테리어가 멋져요,413,1.28,117,https://m.place.naver.com/restaurant/1401301088
1620063496,마데라,186,인테리어가 멋져요,145,1.28,41,https://m.place.naver.com/restaurant/1620063496
869097989,오징어세상 연희점,50,재료가 신선해요,39,1.28,11,https://m.place.naver.com/restaurant/869097989
1024272705,우삼집,1847,고기 질이 좋아요,1454,1.27,393,https://m.place.naver.com/restaurant/1024272705
2050243902,핏제떼 화덕피자 연남점,43,재료가 신선해요,34,1.26,9,https://m.place.naver.com/restaurant/2050243902
123323584,라무진 연남점,728,고기 질이 좋아요,582,1.25,146,https://m.place.naver.com/restaurant/123323584
1212605834,팔레트샐러드 연희점,307,재료가 신선해요,246,1.25,61,https://m.place.naver.com/restaurant/1212605834
1077699429,카라쿠테이,71,친절해요,57,1.25,14,https://m.place.naver.com/restaurant/1077699429
313241250,육몽 홍대본점,4996,고기 질이 좋아요,4025,1.24,971,https://m.place.naver.com/restaurant/313241250
1852952548,탭스터,159,술이 다양해요,128,1.24,31,https://m.place.naver.com/restaurant/1852952548
1562899594,제주마실,2239,고기 질이 좋아요,1815,1.23,424,https://m.place.naver.com/restaurant/1562899594
2049847986,이문 닭불고기,54,고기 질이 좋아요,44,1.23,10,https://m.place.naver.com/restaurant/2049847986
13291366,도마 홍대본점,1298,고기 질이 좋아요,1067,1.22,231,https://m.place.naver.com/restaurant/13291366
1953633353,팜팜발리,359,인테리어가 멋져요,294,1.22,65,https://m.place.naver.com/restaurant/1953633353
1287775548,홍대 육지,8628,고기 질이 좋아요,7140,1.21,1488,https://m.place.naver.com/restaurant/1287775548
35117308,하하&김종국의 401정육식당,1377,고기 질이 좋아요,1152,1.2,225,https://m.place.naver.com/restaurant/35117308
1348102450,녹원쌈밥 연남점,293,재료가 신선해요,244,1.2,49,https://m.place.naver.com/restaurant/1348102450
1760132167,리정원 신촌점,4653,고기 질이 좋아요,3912,1.19,741,https://m.place.naver.com/restaurant/1760132167
1586721091,만끽,241,고기 질이 좋아요,203,1.19,38,https://m.place.naver.com/restaurant/1586721091
2062344030,연남황제소갈비집,177,고기 질이 좋아요,149,1.19,28,https://m.place.naver.com/restaurant/2062344030
12831765,삼번가,68,가성비가 좋아요,57,1.19,11,https://m.place.naver.com/restaurant/12831765
2065401835,불의발견,19,양이 많아요,16,1.19,3,https://m.place.naver.com/restaurant/2065401835
2045779378,육회이야기 연남점,106,고기 질이 좋아요,90,1.18,16,https://m.place.naver.com/restaurant/2045779378
1303451450,화설 연남본점,2501,고기 질이 좋아요,2138,1.17,363,https://m.place.naver.com/restaurant/1303451450
1006983247,피그바,1647,고기 질이 좋아요,1408,1.17,239,https://m.place.naver.com/restaurant/1006983247
2081546165,봉산,663,고기 질이 좋아요,569,1.17,94,https://m.place.naver.com/restaurant/2081546165
1895108192,백색소음,41,인테리어가 멋져요,35,1.17,6,https://m.place.naver.com/restaurant/1895108192
1052979963,리정원 연희점,2850,고기 질이 좋아요,2456,1.16,394,https://m.place.naver.com/restaurant/1052979963
1547261740,고기꾼김춘배 홍대숲길점,2313,고기 질이 좋아요,2018,1.15,295,https://m.place.naver.com/restaurant/1547261740
1305009749,화청,2142,고기 질이 좋아요,1855,1.15,287,https://m.place.naver.com/restaurant/1305009749
2018599598,금수족발,57,고기 질이 좋아요,50,1.14,7,https://m.place.naver.com/restaurant/2018599598
1165227882,슭돈 이대역본점,4782,고기 질이 좋아요,4235,1.13,547,https://m.place.naver.com/restaurant/1165227882
19942829,돈조세,156,가성비가 좋아요,138,1.13,18,https://m.place.naver.com/restaurant/19942829
2014961548,니혼슈바 요이,76,술이 다양해요,67,1.13,9,https://m.place.naver.com/restaurant/2014961548
1309408988,샤브라운지 연남,3370,재료가 신선해요,2996,1.12,374,https://m.place.naver.com/restaurant/1309408988
1655037566,풍류각,2706,고기 질이 좋아요,2407,1.12,299,https://m.place.naver.com/restaurant/1655037566
1469119459,우메이징,814,고기 질이 좋아요,730,1.12,84,https://m.place.naver.com/restaurant/1469119459
1458007430,나카스하이볼클럽,73,인테리어가 멋져요,65,1.12,8,https://m.place.naver.com/restaurant/1458007430
2032357843,연희 바다,122,재료가 신선해요,110,1.11,12,https://m.place.naver.com/restaurant/2032357843
2018988055,서대문한식뷔페,20,재료가 신선해요,18,1.11,2,https://m.place.naver.com/restaurant/2018988055
2001044665,이도,292,고기 질이 좋아요,266,1.1,26,https://m.place.naver.com/restaurant/2001044665
34565224,일편등심 홍대본점,2435,고기 질이 좋아요,2232,1.09,203,https://m.place.naver.com/restaurant/34565224
1463639648,566라멘,351,양이 많아요,321,1.09,30,https://m.place.naver.com/restaurant/1463639648
2014208820,카페공든,28,재료가 신선해요,26,1.08,2,https://m.place.naver.com/restaurant/2014208820
1793807845,깃뜰 홍대본점,7157,고기 질이 좋아요,6671,1.07,486,https://m.place.naver.com/restaurant/1793807845
1984009312,미래회관 연남직영점,711,고기 질이 좋아요,663,1.07,48,https://m.place.naver.com/restaurant/1984009312
1868930649,김숙성 합정점,3120,고기 질이 좋아요,2955,1.06,165,https://m.place.naver.com/restaurant/1868930649
1194347023,창돈,2561,고기 질이 좋아요,2416,1.06,145,https://m.place.naver.com/restaurant/1194347023
1272336785,청돈옥 홍대본점,2140,고기 질이 좋아요,2018,1.06,122,https://m.place.naver.com/restaurant/1272336785
1208440005,뭉텅 연남점,1271,고기 질이 좋아요,1202,1.06,69,https://m.place.naver.com/restaurant/1208440005
2053367153,형제특수부위 연남점,2196,고기 질이 좋아요,2088,1.05,108,https://m.place.naver.com/restaurant/2053367153
35658020,크래프트비어칸,176,술이 다양해요,167,1.05,9,https://m.place.naver.com/restaurant/35658020
1870564503,새벽숯불가든 새숯가,607,고기 질이 좋아요,593,1.02,14,https://m.place.naver.com/restaurant/1870564503
2008923084,미솥지음 연희,31,재료가 신선해요,31,1.0,0,https://m.place.naver.com/restaurant/2008923084
2045993714,육뇽,100,고기 질이 좋아요,100,1.0,0,https://m.place.naver.com/restaurant/2045993714
13376665,한솥도시락 연희교차로점,95,가성비가 좋아요,96,0.99,-1,https://m.place.naver.com/restaurant/13376665
2030151880,코마 연남,91,메뉴 구성이 알차요,96,0.95,-5,https://m.place.naver.com/restaurant/2030151880
2010645347,추수,15,재료가 신선해요,16,0.94,-1,https://m.place.naver.com/restaurant/2010645347
1983713324,꼭시넬,17,재료가 신선해요,18,0.94,-1,https://m.place.naver.com/restaurant/1983713324
1476690926,몽중식,882,특별한 메뉴가 있어요,939,0.94,-57,https://m.place.naver.com/restaurant/1476690926
1026031240,소니아아지트,25,친절해요,27,0.93,-2,https://m.place.naver.com/restaurant/1026031240
2043307147,oyoyoy 연남,130,재료가 신선해요,140,0.93,-10,https://m.place.naver.com/restaurant/2043307147
1274847284,연희노가리,35,가성비가 좋아요,40,0.88,-5,https://m.place.naver.com/restaurant/1274847284
13111012,JASE,199,술이 다양해요,225,0.88,-26,https://m.place.naver.com/restaurant/13111012
1172675086,엔드그리고 와인바,35,인테리어가 멋져요,41,0.85,-6,https://m.place.naver.com/restaurant/1172675086
1760425180,연남장,176,인테리어가 멋져요,206,0.85,-30,https://m.place.naver.com/restaurant/1760425180
1065205681,연희궁우동,60,가성비가 좋아요,73,0.82,-13,https://m.place.naver.com/restaurant/1065205681
1612839292,코티지블루,258,인테리어가 멋져요,322,0.8,-64,https://m.place.naver.com/restaurant/1612839292
1685684455,떼뮤즐렛 와인샵앤바,38,술이 다양해요,51,0.75,-13,https://m.place.naver.com/restaurant/1685684455
2035410093,라디오시티 연남,25,술이 다양해요,45,0.56,-20,https://m.place.naver.com/restaurant/2035410093
1943562399,블렌딩바 서울혼술바 연남점,892,술이 다양해요,1598,0.56,-706,https://m.place.naver.com/restaurant/1943562399
19873189,제니스 까페,132,특별한 메뉴가 있어요,246,0.54,-114,https://m.place.naver.com/restaurant/19873189
2038175452,제주아홉 혼술바 서울 홍대점,729,술이 다양해요,1573,0.46,-844,https://m.place.naver.com/restaurant/2038175452
1752407214,연희 38 애비뉴,27,음악이 좋아요,76,0.36,-49,https://m.place.naver.com/restaurant/1752407214
1253780192,히사시돈부리 연남본점,6453,히사시 타다끼동~,19294,0.33,-12841,https://m.place.naver.com/restaurant/1253780192
30833962,장도리곰탕 연희점,195,밥,1500,0.13,-1305,https://m.place.naver.com/restaurant/30833962
1131692550,왓에버타코 연남본점,2096,뜻 밖의 서비스.,19277,0.11,-17181,https://m.place.naver.com/restaurant/1131692550
2080972649,쟈케 연남본점,115,맛있게 잘 먹었다,2279,0.05,-2164,https://m.place.naver.com/restaurant/2080972649
1698144185,소점,826,사천교에서 내려 소점 갈까요~?,19277,0.04,-18451,https://m.place.naver.com/restaurant/1698144185
36004752,한성축산식당,131,개새끼만 안 짖으면 좋겠다,7313,0.02,-7182,https://m.place.naver.com/restaurant/36004752
1398545894,청주한식,192,식사 (하긴) 하실 거에요?,19890604,0.0,-19890412,https://m.place.naver.com/restaurant/1398545894
